,topic_1_positions,topic_2_positions,topic_3_positions
0,-0.04203106270201229,-0.5819221582181966,-0.0427134457464577
1,0.8974427160167487,0.07056095117109314,0.03199633281215819
2,0.37564685046813767,0.08637652666850149,0.03797662286336085
3,0.0,0.0,0.0
4,0.049101770842823314,0.6284748431727389,0.2526559441239726
5,-0.026296839570928966,-0.025722969836830162,-0.0020342446462948633
6,0.0,0.0,0.0
7,0.018255075417185684,0.34421509649714405,0.01848220903805118
8,-0.34541882050795414,-0.01946763097564387,-0.014423893343988171
9,-0.06955063847632674,-0.8629020034607924,-0.06754735806288095
10,0.08105045701401406,0.8514553542678521,0.06749418871813372
11,0.0,0.0,0.0
12,0.0,0.0,0.0
13,-0.023738166569598682,-0.27261554335101557,-0.03697962341271906
14,-0.025862465661891116,-0.2848415411485251,-0.022629326522917093
15,-0.06885649674618097,-0.863588526086307,-0.0675549771675122
16,-0.017071587950322528,-0.29822984762899096,-0.01803189775401981
17,0.0,0.0,0.0
18,0.0703433961126968,0.8586781993659818,0.07097840452132138
19,0.06180095404525257,0.8742863733628793,0.06391267259186817
20,0.07165916601414246,0.8544681873365504,0.073872646649307
21,0.08173505710931428,0.3734570237737272,0.04480791911695856
22,0.04621104994685778,0.7839973650573451,0.044791584995797114
23,0.03371371937898357,0.6523492392823341,0.3139370413386823
24,0.0,0.0,0.0
25,0.0,0.0,0.0
26,0.030955291240385718,0.275669289564891,0.2648039906232947
27,0.0,0.0,0.0
28,0.0,0.0,0.0
29,0.2069847026938912,0.6600480475058884,0.051334596738996
30,0.09075473326111458,0.8677747809766223,0.04147048576226325
31,0.05661004410614656,0.736928214532633,0.05646174136122049
32,0.0,0.0,0.0
33,0.045058563236023357,0.5622971864067718,0.39264425035720474
34,0.03680474747751666,0.9172152499650759,0.04598000255740751
35,0.0037787499437531976,0.0479462807615816,0.0038305248502206973
36,0.6983557672956061,0.267492219535689,0.034152013168704774
37,0.06990655990888814,0.865789287343254,0.0643041527478579
38,-0.009443470948575082,-0.1893361628386362,-0.011746682002262332
39,0.004144218818471507,0.06940257489388232,0.0033762832107230695
40,0.17314800012758202,0.7703768401750722,0.05647515969734578
41,0.0408217534528116,0.6136250852639904,0.34555316128319796
42,0.017823001475133333,0.18733674657120872,0.1281735852869913
43,0.7827555767524041,0.08734876073477602,0.07107213310105488
44,-0.003689495318359123,-0.02354816282420878,-0.0283178974129876
45,0.0,0.0,0.0
46,0.0,0.0,0.0
47,0.1232817051409485,0.4661788504547004,0.02417580804071469
48,0.0,0.0,0.0
49,0.011555198437005369,0.1054339755418251,0.008010826021169518
50,0.0,0.0,0.0
51,0.04245811149767689,0.5259804177944655,0.4315614707078576
52,-0.09441343689936306,-0.8331650976898259,-0.0724214654108111
53,0.0,0.0,0.0
54,0.0,0.0,0.0
55,0.046371566613902786,0.905531923763549,0.048096509622548266
56,-0.923671603731204,-0.04498700308435383,-0.03134139318444197
57,0.0,0.0,0.0
58,0.15214405965775263,0.24462337033363643,0.019899236675277626
59,0.017974783244125207,0.39119657518299206,0.019400070144311176
60,-0.06551441708943087,-0.8652378899403975,-0.06924769297017169
61,-0.0495661402621541,-0.9001959398939582,-0.050237919843887674
62,0.05875924779531329,0.8851696665809249,0.05607108562376176
63,-0.021546043688512793,-0.2926183051872464,-0.01916898445757416
64,-0.05246426336246431,-0.7123589021514604,-0.053358652667893566
65,-0.5943734713707618,-0.33081289961072674,-0.07481362901851159
66,-0.4846936716725837,-0.1398441254609541,-0.25046220286646226
67,-0.051002561182722984,-0.9010711546720934,-0.04792628414518358
68,0.0,0.0,0.0
69,-0.059117546387002576,-0.8792998932967839,-0.061582560316213425
70,0.04498709371780433,0.9099433436409595,0.04506956264123618
71,-0.07227343235194425,-0.8812891145322859,-0.04643745311576988
72,0.0,0.0,0.0
73,0.06386508925766035,0.357140835730244,0.5789940750120957
74,0.04772671677469228,0.80160886022362,0.045401265106950854
75,0.07604896340009752,0.842455321295921,0.08149571530398161
76,0.07649046680762935,0.8525708812995569,0.07093865189281374
77,0.04521032332906608,0.8580127833839029,0.09677689328703104
78,-0.002859374458542372,-0.044235642764529674,-0.0029049827769279577
79,0.0,0.0,0.0
80,0.05837891263918758,0.8828749705143618,0.05874611684645062
81,-0.3353693462502368,-0.6154277378763909,-0.04920291587337233
82,0.079941511832335,0.8470201449759794,0.07303834319168562
83,-0.048684413552099626,-0.7560365004977799,-0.045279085950120354
84,-0.07720218878812575,-0.8495316213314398,-0.0732661898804344
85,-0.3349143603816738,-0.60348903250761,-0.06159660711071621
86,0.01986314699147687,0.2950867614757774,0.01838342486607904
87,0.03293918103921768,0.3373902313316779,0.44217058762910433
88,0.036140027186984,0.8173137194099985,0.04654625340301745
89,0.026533883827488107,0.4473792759695368,0.026086840202975088
90,0.05303530612406306,0.8934790288173915,0.05348566505854542
91,-0.048207266596551356,-0.9044544205711412,-0.04733831283230737
92,-0.0014073441057066015,-0.019960975805171078,-0.00135895281639502
93,-0.014224030183389042,-0.16993646415862063,-0.01583950565799037
94,-0.011351392447587972,-0.06955954312463129,-0.11908906442778076
95,-0.0681388092708842,-0.8796089495990761,-0.05225224113003981
96,0.05339750634343039,0.6214550678722967,0.05242015305700022
97,-0.3922087409124901,-0.3988530482203481,-0.04227154420049518
98,-0.43987188292721424,-0.2866088154928317,-0.023519301579954098
99,0.0,0.0,0.0
100,0.0,0.0,0.0
101,0.0,0.0,0.0
102,0.0844996914139233,0.7649886308190097,0.09495612221151131
103,0.0,0.0,0.0
104,-0.010045441645155653,-0.016601263550948042,-0.17335329480389633
105,0.022753463907412258,0.4369266888730334,0.020319847219554363
106,-0.02104073164416803,-0.2413969082904538,-0.023276645779663832
107,0.03685018892193871,0.25741231905777007,0.03907082535362457
108,-0.06447121011455802,-0.8825161206666257,-0.0530126692188163
109,0.0,0.0,0.0
110,0.031567814482874754,0.3010768758187091,0.4173553096984161
111,0.0,0.0,0.0
112,0.0,0.0,0.0
113,0.0,0.0,0.0
114,0.044708494894407286,0.5786011415658907,0.3766903635397021
115,-0.06001846912952246,-0.7506962211168831,-0.05595197642026108
116,0.1605617335878808,0.782188554894202,0.05724971151791718
117,0.03307353302140337,0.6823036186218377,0.03462284835675895
118,-0.07510076197744542,-0.8598396988005346,-0.0650595392220199
119,-0.09265322325006907,-0.8238547949551285,-0.08349198179480243
120,-0.073559638840355,-0.8551720928381044,-0.07126826832154055
121,-0.06885965113704759,-0.8679004032838321,-0.06323994557912026
122,-0.03460292237143217,-0.93009969027783,-0.03529738735073767
123,-0.2843120618880476,-0.6500394104086366,-0.06564852770331596
124,0.0,0.0,0.0
125,0.8584443565646348,0.0345912808784217,0.1069643625569436
126,0.0,0.0,0.0
127,-0.010162084803491971,-0.2797778196011472,-0.01006009559536072
128,0.06014553186016448,0.883586601328277,0.056267866811558515
129,-0.05861765741056958,-0.7166895326766807,-0.05802614324608316
130,0.0,0.0,0.0
131,-0.07505281357227303,-0.05900865269126111,-0.008795676593608654
132,-0.012192579060392079,-0.20557354508658918,-0.032233875853018776
133,-0.04584403652315351,-0.05325712704116466,-0.08271701825386359
134,-0.008233870956605827,-0.10937373499234408,-0.007392394051050086
135,-0.1017275992431111,-0.18062710715753488,-0.01176294065817755
136,-0.12537595374460564,-0.19337355089695735,-0.014583828691770356
137,0.6377671994973906,0.33826866402227584,0.023964136480333534
138,0.0,0.0,0.0
139,-0.0026036936805088323,-0.02949712225719145,-0.0023819426829893163
140,0.06869354223508198,0.19252716964899302,0.7387792881159251
141,0.03592942791937116,0.7553033155072124,0.20876725657341638
142,0.7238778040855529,0.2378215400970529,0.03830065581739415
143,0.011778099538842747,0.1966219033052301,0.013822219378149331
144,-0.05220287937714322,-0.9031135088035186,-0.0446836118193382
145,-0.06056824975386092,-0.8849119211620418,-0.054519829084097436
146,-0.7714215538543369,-0.1915389213530521,-0.03703952479261123
147,0.0,0.0,0.0
148,0.0,0.0,0.0
149,0.04043011359573098,0.9206036221187593,0.038966264285509505
150,-0.06664805912808476,-0.870352475332706,-0.06299946553920913
151,0.0,0.0,0.0
152,0.0,0.0,0.0
153,0.030619570755442135,0.3679948609204885,0.029956996895497846
154,0.019733110786622318,0.4601701337525816,0.020096755460796166
155,-0.05095103124071271,-0.06314859404700632,-0.8859003747122809
156,-0.0389246233698734,-0.9225032854045876,-0.03857209122553895
157,-0.09061946354182737,-0.8252078017800324,-0.08417273467814027
158,-0.06579624197915508,-0.8687907180706106,-0.06541303995023431
159,-0.1442479583174554,-0.5407982261539921,-0.31495381552855256
160,0.045124174299486834,0.19675373311925962,0.6331220925812535
161,0.05541162321405524,0.8904371277271124,0.054151249058832396
162,0.0,0.0,0.0
163,-0.00457932121171256,-0.06768360443175749,-0.004660151279606865
164,-0.011808889022616835,-0.2626153650887286,-0.011290031602940237
165,0.06505760845809261,0.7044463073412784,0.0638294175339625
166,-0.3830889311475365,-0.5724177899568084,-0.04449327889565516
167,0.48711594685818577,0.05154836798978627,0.4613356851520279
168,0.04345284528782221,0.912533078209262,0.04401407650291573
169,0.03344851845777511,0.4423341797872233,0.3527887303264303
170,0.0,0.0,0.0
171,0.033375286552274834,0.9336922873237952,0.03293242612392991
172,0.03828514097826995,0.7885108590824988,0.030346857082088282
173,0.03810452726477396,0.8818457645747617,0.03838304149379758
174,0.040754725965817216,0.8829111542420153,0.03929708275513038
175,0.03054993510655024,0.8527340168561978,0.03338271470391857
176,0.03416676777259013,0.43194563214667153,0.32336128429126465
177,0.0,0.0,0.0
178,0.0,0.0,0.0
179,0.04548301112668903,0.2242837403177965,0.6746776929999588
180,0.04619609834785187,0.27126175323528234,0.5286959945707119
181,0.07470843670151564,0.733347291129977,0.07429721334497802
182,0.04288035260414527,0.15820306992439284,0.6224459892361678
183,0.03997801026757672,0.13861959902943977,0.7499738192744121
184,0.04514560746698711,0.5371303220202671,0.2598293336706404
185,0.02819805783837225,0.4455275309092347,0.026274411252393014
186,0.047136934560280674,0.9010811215684612,0.05178194387125817
187,0.04071837284124443,0.9179327914007659,0.04134883575798961
188,0.15271374386717146,0.7761690224057748,0.07111723372705382
189,0.04085109372693645,0.8021618021383752,0.03934004531115902
190,0.058913019375103404,0.8818914550809845,0.05919552554391205
191,0.04616903524406055,0.9089491176697118,0.04488184708622768
192,0.04186461013224911,0.7385321120885997,0.04313268954385698
193,0.0,0.0,0.0
194,0.03828897205202063,0.8659999152098198,0.03688758332639488
195,0.0,0.0,0.0
196,0.03604831058110695,0.1970495069059659,0.5110882290245551
197,-0.5806146035182955,-0.3236732241375211,-0.0957121723441834
198,-0.7549811028526808,-0.13595501585000863,-0.10906388129731068
199,0.0,0.0,0.0
200,0.0,0.0,0.0
201,0.06144307566856152,0.7719846046012312,0.16657231973020734
202,0.11470464273353408,0.2624970450679425,0.6227983121985234
203,0.0783103532968152,0.843400651293278,0.07828899540990661
204,0.0,0.0,0.0
205,-0.04293836344158825,-0.5910720353692734,-0.03265626785580493
206,0.0026464805649719283,0.05363211122583022,0.002544937620962547
207,0.002766351608152177,0.04215840237709453,0.0026942936338008963
208,0.003863556038893591,0.04099684085942146,0.002758650720732549
209,0.0,0.0,0.0
210,0.0,0.0,0.0
211,0.002162591522531967,0.04830172690207656,0.002167260522759873
212,0.003529856125587486,0.07998856271683719,0.0034381028967057433
213,0.004806187029398905,0.07743676868568747,0.00471356602404403
214,0.05841138620957396,0.23849774335128512,0.703090870439141
215,0.002192085800246459,0.019121518546286242,0.022164656523032497
216,0.04072186325221138,0.7183128641120787,0.04096527263570996
217,0.03317066933275075,0.7325153323573403,0.034313998309909
218,0.0527806106339711,0.6957595164645762,0.0514598729014526
219,0.04111558451708348,0.7187897481665788,0.04009466731633779
220,0.0914257017278938,0.6830908033052842,0.043665313148640215
221,0.24708913481496247,0.5262899966773253,0.04480268668953033
222,0.5867661513567503,0.18477553181537415,0.04664013500969378
223,0.04870060162433187,0.9033919045029388,0.04790749387272929
224,0.04349971900928632,0.7033961464665096,0.05310413452420418
225,0.04589867898200168,0.6974471797021202,0.05665414131587805
226,0.03233518812824686,0.7408044482713266,0.045042181782244686
227,0.04804955495181362,0.7294268052667066,0.040705457963298074
228,0.03942091866357195,0.6387812963439322,0.1399796031743141
229,0.03762665483925661,0.9225011254486009,0.03987221971214268
230,-0.0033712760539146933,-0.09325940209902855,-0.003369321847056749
231,0.0,0.0,0.0
232,0.0,0.0,0.0
233,-0.05049266858247398,-0.03721734415135747,-0.003199078175259449
234,-0.04175330082232742,-0.04526176898881504,-0.03798493018885753
235,0.044105144989872024,0.15160842186220222,0.8042864331479257
236,0.05054764778592036,0.21748205507804372,0.7319702971360359
237,0.9148229671110372,0.047945045780242175,0.037231987108720645
238,0.914663219090428,0.04272004683994858,0.04261673406962341
239,0.9083091178763117,0.05323527470453384,0.038455607419154374
240,0.4814017776378845,0.07535583664093655,0.44324238572117897
241,0.44326037377732125,0.5200820111170853,0.0366576151055934
242,0.4491960056467583,0.5205825497226488,0.03022144463059285
243,0.7205634268626436,0.05320686196380768,0.22622971117354876
244,0.4694863199800799,0.49000631799765804,0.04050736202226208
245,0.5686230167513153,0.386625378978128,0.044751604270556675
246,0.6520541441466182,0.2822295066263076,0.06571634922707419
247,0.48386776897185774,0.44211049028346605,0.07402174074467621
248,0.16231783322720755,0.7921296337206296,0.045552533052162836
249,0.5018137036679438,0.04646371543918153,0.4517225808928747
250,0.8929940466556936,0.05445599187517593,0.052549961469130504
251,0.7740486815459171,0.18852406450139197,0.03742725395269095
252,0.5607885143093067,0.03862660132342823,0.4005848843672652
253,0.562046286553779,0.3955212766656887,0.04243243678053235
254,0.3871272290132832,0.3785561618594483,0.23431660912726837
255,0.14227135589171258,0.06580686886360201,0.7919217752446853
256,0.5648633395213081,0.033165618273474924,0.40197104220521707
257,0.2653022218271318,0.1915005661866714,0.5431972119861969
258,0.784081825245742,0.17927865776302168,0.036639516991236194
259,0.9072319475860257,0.05053710922622194,0.04223094318775241
260,0.1633638167008353,0.5892461747235379,0.2473900085756269
261,-0.04994377587347065,-0.6627468538583237,-0.03730937026820567
262,-0.05274791386236746,-0.8912207155148515,-0.056031370622781095
263,0.0,0.0,0.0
264,0.0,0.0,0.0
265,0.05597497766574397,0.6134785847386556,0.3305464375956003
266,0.002910044651546407,0.05680653913760035,0.0027834162108532428
267,-0.0645272665217032,-0.8751586493576211,-0.060314084120675834
268,0.0,0.0,0.0
269,0.0,0.0,0.0
270,0.0,0.0,0.0
271,0.0,0.0,0.0
272,0.0,0.0,0.0
273,0.0,0.0,0.0
274,0.0,0.0,0.0
275,0.04965642076245831,0.898684684028164,0.05165889520937762
276,0.30172012698609635,0.18229171988963583,0.01598815312426784
277,-0.6808121509489482,-0.17825617975915417,-0.14093166929189757
278,0.14181001905827734,0.41341794474276183,0.04477203619896082
279,0.010312906962035517,0.146168439880653,0.010185319823978063
280,-0.03794658671230865,-0.921866247754956,-0.040187165532735304
281,0.0542331300265775,0.43759701402054463,0.06251768203983439
282,0.0,0.0,0.0
283,0.0,0.0,0.0
284,-0.039448182012256895,-0.9236862512535112,-0.03686556673423191
285,0.10418429099173974,0.03154400779824984,0.06427170121001043
286,0.03544028755193942,0.4693755432496118,0.4951841691984489
287,0.03411742812143166,0.4178513327940371,0.43692012797342006
288,-0.04332177096415975,-0.07052132485226423,-0.886156904183576
289,-0.5403740978510179,-0.2515532964313017,-0.041405939051013765
290,-0.6882011686745204,-0.0788460243916207,-0.06628614026719225
291,-0.047903750527376984,-0.6111673028719705,-0.3409289466006524
292,-0.7736251823266206,-0.18970041546868005,-0.036674402204699356
293,-0.14817959215125548,-0.8117107610436954,-0.04010964680504909
294,-0.05720388991649771,-0.8889323796260034,-0.053863730457498864
295,0.4472392584802502,0.5033633497057605,0.049397391813989264
296,-0.04110052747852249,-0.27572856568651577,-0.016504240168295034
297,0.40931028749181675,0.5024110584266457,0.08827865408153758
298,0.06238011178777979,0.8808291543708334,0.056790733841386686
299,0.5842186837471319,0.2564035580125483,0.15937775824031974
300,0.9259626721331083,0.041501242272219054,0.03253608559467261
301,-0.01116386455844423,-0.22718755756662048,-0.011648577874935296
302,-0.023603841049079637,-0.2867305876447609,-0.022998904639492744
303,-0.10361048704052762,-0.8335886614491455,-0.06280085151032695
304,-0.057458917155248715,-0.9066211644168729,-0.03591991842787845
305,0.01690612301533874,0.19157244579510727,0.013743653411776205
306,0.0,0.0,0.0
307,0.8529540655852108,0.07714870776295325,0.069897226651836
308,0.052578123626676035,0.9003061811494846,0.047115695223839384
309,0.04641023678422935,0.9072611873909918,0.046328575824778784
310,0.0,0.0,0.0
311,-0.012769005826854283,-0.17450729303663,-0.012723701136515709
312,-0.002240156699081848,-0.02750661639468849,-0.00251129142235866
313,0.07622303115265412,0.4582267139667196,0.46555025488062624
314,0.043634064313812816,0.39528868252461913,0.561077253161568
315,0.015730652607961873,0.1399730477152886,0.01096296634341613
316,0.03431984918383473,0.47751730066812037,0.03361739560259034
317,0.04331508886316602,0.14556181931226003,0.811123091824574
318,-0.03569329805295791,-0.44510452087140995,-0.019202181075632152
319,0.0,0.0,0.0
320,0.002610878524699106,0.04249828589917762,0.002509883195170877
321,0.0,0.0,0.0
322,0.01054092510855941,0.16697871982534213,0.009980355066098468
323,0.05991567223439544,0.8817288358618978,0.05835549190370694
324,0.05402282180215411,0.8884245243339873,0.05755265386385847
325,0.0,0.0,0.0
326,0.046621358494930765,0.5624239531379759,0.06952611693852197
327,0.05008481117708017,0.9043310236901404,0.045584165132779485
328,-0.8066928275927764,-0.10969045872920483,-0.08361671367801884
329,0.07464396919164952,0.8585067103359323,0.06684932047241827
330,0.0,0.0,0.0
331,0.05121701730123485,0.902274025167703,0.04650895753106214
332,-0.34033664321764007,-0.5567626909314974,-0.10290066585086254
333,0.021237398406977595,0.18847434900235127,0.021057483359901843
334,-0.04049346300387767,-0.3914783276921243,-0.06802820930399797
335,0.027902452691345978,0.7221384314996542,0.027736893586777497
336,0.0,0.0,0.0
337,-0.03743741939606491,-0.7814763905909828,-0.03822904715580926
338,-0.6659309166919241,-0.23265706625250374,-0.10141201705557222
339,-0.13903269380625446,-0.8103927874169028,-0.05057451877684261
340,-0.41105285628979255,-0.5314798009747249,-0.05746734273548244
341,0.0,0.0,0.0
342,-0.006158386825121078,-0.06465858522833234,-0.00610610486962349
343,0.9159809915159249,0.04371101796836329,0.040307990515711704
344,0.06963398776073863,0.8616555821284135,0.06871043011084786
345,0.9085051004657889,0.046614420971020316,0.04488047856319073
346,-0.02198921606529041,-0.33116699692560553,-0.021843787009104082
347,0.013309366225147591,0.17389100982672442,0.012799623948128017
348,-0.05666861085204219,-0.08290988510172431,-0.8604215040462335
349,-0.04667549204299224,-0.9056414866865191,-0.04768302127048859
350,-0.08367650630069695,-0.6664651598858329,-0.049858333813470074
351,0.13146697088778647,0.7238600170461712,0.14467301206604224
352,0.053682942245469135,0.8939915713513356,0.05232548640319517
353,0.0957866852514342,0.430459786806775,0.36264241683067966
354,-0.011659658471668506,-0.11923320206192509,-0.011964282323549185
355,0.0,0.0,0.0
356,0.0,0.0,0.0
357,0.04897034482702107,0.5998795270160655,0.04606538239420157
358,0.028879344196311062,0.6494752675617831,0.028541939966043837
359,0.05708550538020742,0.8901571577392455,0.05275733688054705
360,-0.03484083197514101,-0.546320254281209,-0.034223529128265345
361,-0.041423498934780846,-0.5838156756309864,-0.0414274921008994
362,0.0,0.0,0.0
363,-0.19284323176945056,-0.06445363061319415,-0.015430410344628016
364,0.0,0.0,0.0
365,0.0,0.0,0.0
366,0.0,0.0,0.0
367,0.0,0.0,0.0
368,0.0,0.0,0.0
369,-0.0052102054266098,-0.015847771525022262,-0.08608488019122504
370,0.04657025263518429,0.06019338825772649,0.5599030257737558
371,0.05954906277207445,0.8917777596351407,0.04867317759278481
372,0.04131502887770837,0.8521581121015325,0.04402685902075918
373,-0.029172130999855248,-0.5125658825978139,-0.12492865306899753
374,0.0,0.0,0.0
375,-0.6646618209408152,-0.3105487302348867,-0.02478944882429817
376,0.010916059186416431,0.10000545124024518,0.004463104957953682
377,0.0,0.0,0.0
378,0.0,0.0,0.0
379,-0.028066415447560916,-0.4494811542744576,-0.022452430277981508
380,-0.05581861444274734,-0.8834135548995888,-0.06076783065766381
381,0.0,0.0,0.0
382,0.024163686994720174,0.7317627627116023,0.024561355171726258
383,0.07106635507661789,0.33621750968049613,0.592716135242886
384,-0.48859045883514374,-0.47389918539472686,-0.0375103557701294
385,0.661467568030203,0.29810940528240376,0.04042302668739328
386,-0.5642378328336959,-0.4000942003113635,-0.035667966854940655
387,0.05325412233801372,0.7392984081416032,0.0407808028537164
388,0.37437033856736784,0.5693131545089846,0.056316506923647584
389,0.09888353483831218,0.6538212183111254,0.047295246850562495
390,0.0,0.0,0.0
391,-0.3233023077644131,-0.6356313537679883,-0.04106633846759869
392,-0.06844378044768955,-0.8644252625257914,-0.06713095702651901
393,-0.3327649884836401,-0.03801997395861372,-0.029215037557746196
394,-0.002263357733011587,-0.034144381524764525,-0.0020537992037622846
395,0.015606450127857448,0.30238760817015947,0.015339275035316399
396,-0.0072958817446579245,-0.14325397481710633,-0.007344880280340931
397,0.0,0.0,0.0
398,-0.2377463380713164,-0.07280372043918898,-0.022783274822827958
399,0.0,0.0,0.0
400,0.046382246748892506,0.273157985969619,0.6804597672814884
401,0.5907965635842543,0.3342419554653428,0.07496148095040299
402,-0.035020289571224945,-0.9292208000769184,-0.03575891035185661
403,-0.04128926120756968,-0.9207491334704306,-0.037961605321999686
404,-0.045407793549242716,-0.9108047651893387,-0.04378744126141859
405,0.04230071907875259,0.41678957011256246,0.040909710808684885
406,0.05101329722336852,0.5643449121482562,0.051308457295041826
407,0.0,0.0,0.0
408,0.9021349798892425,0.06629392274656126,0.031571097364196145
409,0.02642007388825241,0.4439512297048359,0.029628696406911657
410,0.043624289021683096,0.5377697112732798,0.08527266637170378
411,0.920842162718094,0.04162956123619634,0.03752827604570961
412,0.02478849626869529,0.3955553234549346,0.024100624720814538
413,-0.23605265675656972,-0.12215186982192061,-0.016795473421509666
414,-0.05018360286780578,-0.8954236295919227,-0.05439276754027144
415,0.007692890545845402,0.04547455160449884,0.06221717323427104
416,-0.012082634497199464,-0.1636057712665872,-0.011811594236213332
417,-0.062759295763984,-0.41931654993089673,-0.017924154305119306
418,-0.03649034590277259,-0.4258587405706469,-0.037650913526580516
419,-0.03409279429818079,-0.43243104278367717,-0.033476162918142066
420,0.04890937904273673,0.7704960276894355,0.03773745041068482
421,0.08816371693452349,0.8705567489354774,0.04127953412999908
422,0.04356476163357764,0.6708646374944476,0.03557060087197472
423,0.12268180325538428,0.5782429926163523,0.04907520412826351
424,0.48918171126220833,0.22407594835921563,0.036742340378576044
425,0.0661151844638961,0.6694323350217405,0.0644524805143634
426,0.07077622261943323,0.6473395518839474,0.059662003274396996
427,0.04832990340849652,0.7227392745018106,0.04711264027151109
428,-0.009676479753122415,-0.09443720111144226,-0.006997430246546441
429,-0.010669246368396825,-0.20105820213828318,-0.010494773715542194
430,0.0,0.0,0.0
431,0.0,0.0,0.0
432,0.0,0.0,0.0
433,-0.007109807028448313,-0.10266466222510488,-0.007872589569976196
434,-0.0024239299829695335,-0.03666331974378889,-0.0025794169399081814
435,0.0,0.0,0.0
436,0.0,0.0,0.0
437,0.04300591588889691,0.5391791767442515,0.4178149073668516
438,-0.08867989165243285,-0.8228566505782726,-0.08846345776929465
439,-0.6502844995251079,-0.3069406959958517,-0.0427748044790403
440,-0.1738204987487152,-0.7893687478683672,-0.036810753382917574
441,-0.011438354783967057,-0.10136070128911676,-0.010007961470775782
442,0.08873215127404166,0.8230964987808578,0.08817134994510055
443,0.08289859340970201,0.1559048522490922,0.7611965543412058
444,0.05726429040332638,0.3190851559920691,0.6236505536046046
445,-0.0036247515949970545,-0.040816310640068625,-0.003177985383981912
446,0.05517877565471291,0.838871604521656,0.10594961982363124
447,0.08006351601838534,0.8531443208040866,0.06679216317752794
448,-0.05868886475167004,-0.8801086821529801,-0.06120245309535
449,0.06793849066332786,0.862634936122891,0.06942657321378125
450,0.2485729399483021,0.129934710233524,0.6214923498181739
451,0.060375955231413335,0.1462487693222609,0.7933752754463258
452,0.6785171622633797,0.04163138157561739,0.27985145616100293
453,0.8778368924574906,0.09491716425004153,0.027245943292467833
454,0.8247639552248525,0.14595162262579547,0.029284422149352177
455,0.8540304846139959,0.10553457565523422,0.04043493973076993
456,0.7150861752225713,0.2413242706731234,0.04358955410430541
457,0.8721850141717785,0.1000855909544449,0.027729394873776562
458,0.6240886331422025,0.2018469486843969,0.17406441817340038
459,0.9427060245606043,0.029410861768761256,0.02788311367063453
460,0.9305228263620381,0.03616518784032579,0.033311985797636015
461,0.9446040773460579,0.02802809075010962,0.02736783190383256
462,0.8374351598260672,0.13144160835062427,0.031123231823308506
463,0.7669327890798295,0.20548467637109372,0.027582534549076727
464,0.7151853435630532,0.025952229112699683,0.25886242732424714
465,0.5680095758139834,0.043315195428762,0.38867522875725463
466,0.7712420230709942,0.20695964132572492,0.02179833560328089
467,0.943298917380302,0.029142350097927115,0.027558732521770858
468,0.7853749733934595,0.028196173789685263,0.1864288528168552
469,0.7407847805383712,0.23452598689775417,0.02468923256387464
470,0.0,0.0,0.0
471,0.0,0.0,0.0
472,0.0,0.0,0.0
473,0.0,0.0,0.0
474,0.0,0.0,0.0
475,-0.05904177673831034,-0.873453581438148,-0.06750464182354157
476,-0.04749839875229561,-0.22533506031740785,-0.7271665409302966
477,-0.03459275115561394,-0.5966095304992649,-0.035464385011787704
478,0.05905325855012394,0.2874530837634049,0.6534936576864712
479,0.06767199179460842,0.8723992588234515,0.05992874938194015
480,0.04282987231845536,0.020386943178458405,0.0034498511697528297
481,0.03377394328487741,0.5436240113345903,0.035505271186983905
482,-0.036822841689851574,-0.750177311167067,-0.040586054039633265
483,0.06098336485303184,0.43997321420518065,0.4990434209417875
484,0.04815327624734085,0.15044192225429887,0.8014048014983604
485,0.04959724855856286,0.06012999289139293,0.8902727585500442
486,0.0,0.0,0.0
487,0.08838545919375464,0.8225016597922984,0.08911288101394689
488,0.4756837863528725,0.46521275380041066,0.05910345984671691
489,0.25079837506682434,0.6969690816169127,0.05223254331626283
490,0.046933299494375344,0.9074778018256865,0.04558889867993806
491,0.017418386229453277,0.3662185821730158,0.01636303159753096
492,0.0,0.0,0.0
493,-0.1558836646304625,-0.23321655835638996,-0.03025461572282492
494,0.013419168260467237,0.045175222328196464,0.1914056094113363
495,0.0,0.0,0.0
496,0.07536638896905666,0.8435957000816636,0.08103791094927965
497,0.6372498876442718,0.3264614595848585,0.03628865277086958
498,0.021109390826927563,0.44004729253699065,0.03884331663608176
499,0.03670590641725812,0.30863642288819,0.30850382454070563
500,0.0,0.0,0.0
501,-0.01581855232304023,-0.1701180631552436,-0.01406338452171619
502,0.0,0.0,0.0
503,0.0,0.0,0.0
504,0.050170699565481695,0.889018355186499,0.06081094524801934
505,0.0,0.0,0.0
506,0.0,0.0,0.0
507,0.013938083433272783,0.24568093937324992,0.013108249920749996
508,0.0,0.0,0.0
509,-0.038399595725350136,-0.7341735886681134,-0.2274268156065365
510,-0.17817202611292135,-0.30488289225371096,-0.04075460544289153
511,-0.07043274195882185,-0.8676237420758109,-0.061943515965367145
512,0.0298774192242656,0.026331997701001753,0.0026141124864973507
513,0.6553534187482186,0.293993087112027,0.050653494139754396
514,0.09129711966882233,0.6371774801056537,0.27152540022552407
515,0.2151835410279001,0.04181852147332761,0.009664604165438885
516,0.042010587089879536,0.9181855685201193,0.03980384439000125
517,-0.010871485799909339,-0.036713033472815335,-0.023844052155846725
518,-0.003842673076019106,-0.06055178262016956,-0.00703411573238273
519,-0.407257955143962,-0.5437222082001734,-0.049019836655864714
520,-0.07242091946552891,-0.844617636323189,-0.0829614442112822
521,0.04866285099667642,0.7950951136468797,0.04513092424533267
522,0.05916460382287737,0.14202437967952633,0.0057075682217342105
523,0.0,0.0,0.0
524,0.041699744737198174,0.8139465622733094,0.14435369298949238
525,0.0014772296615176291,0.020212124442021372,0.0015664598499492983
526,0.0,0.0,0.0
527,0.024809444252728546,0.053419748620001296,0.0028518882083511652
528,0.6667441527253958,0.11906955170569615,0.06034014172275425
529,-0.04200508023218039,-0.912269582716385,-0.04572533705143448
530,0.03578200314160615,0.4521240343541046,0.14845759886792562
531,-0.008164003426947336,-0.16519683076575023,-0.008457347625484222
532,-0.04589749714557663,-0.9053918154319015,-0.04871068742252193
533,-0.034133316284874926,-0.15514500944040702,-0.01072167427471808
534,0.0,0.0,0.0
535,-0.020291856830763552,-0.32321982150176076,-0.013631178810332807
536,-0.07828488067199091,-0.11381991186475687,-0.007895207463252238
537,0.0,0.0,0.0
538,-0.00907204069006815,-0.1494934945858357,-0.008101131390762767
539,0.15425022265527918,0.8104710516513284,0.035278725693392285
540,0.5897967430691089,0.3687667016313622,0.04143655529952894
541,0.03415775646972171,0.6223787121014529,0.04716723513252909
542,0.04334804386459199,0.9183659985949492,0.0382859575404588
543,0.09171061857493569,0.815720408823701,0.09256897260136326
544,0.049262507295437706,0.9000930997963091,0.050644392908253115
545,0.8272217094395905,0.12724691106935493,0.04553137949105458
546,0.0,0.0,0.0
547,0.0,0.0,0.0
548,0.03719642338874955,0.7614156336001892,0.03472127634439466
549,0.013662096501047641,0.21429440698338867,0.10537682984889701
550,0.037510410862688935,0.8789281111822175,0.03704985004811665
551,0.31484952221388207,0.6414188816288007,0.043731596157317136
552,-0.004069516640171995,-0.10217931115545494,-0.004862283315484193
553,0.0,0.0,0.0
554,0.0,0.0,0.0
555,-0.007989457168332876,-0.07449435604217498,-0.008425277698583046
556,0.05668679059878889,0.002930677393425524,0.002882532007785591
557,0.05177586281528676,0.8976761748329842,0.05054796235172896
558,0.0,0.0,0.0
559,0.02429222963896273,0.18312720501930546,0.15744543020659665
560,-0.6756693925084885,-0.2318166424891748,-0.09251396500233677
561,-0.19661742682678357,-0.6142073867249537,-0.02917518644826264
562,0.9080481035902267,0.05593175014498183,0.03602014626479134
563,0.0303178256151033,0.4403720161828114,0.33177929400455447
564,0.04598118602713342,0.7937716766250935,0.16024713734777313
565,0.08888969647598599,0.8221720113077714,0.08893829221624269
566,0.06254939480197694,0.8765305708957561,0.060920034302266834
567,0.0006750026171196697,0.016196726468094075,0.0006721305639090499
568,0.00979748391561473,0.1468478888780513,0.010021293873000558
569,0.1546700983597421,0.2788174413727284,0.36651246026752954
570,0.03464420789628742,0.21242058870994454,0.5307129811715459
571,0.04333660993335642,0.9141236352188647,0.04253975484777873
572,0.043156285473497286,0.9172625562028789,0.03958115832362382
573,-0.6602048755788801,-0.05305604049038664,-0.03673908393073336
574,0.030302463607639402,0.2752176568925746,0.02781321283311928
575,0.0,0.0,0.0
576,0.018282579221907888,0.2973756174243481,0.017675136687077334
577,0.21561245609643676,0.728261633269482,0.05612591063408116
578,0.5563667065667438,0.3127639920312257,0.06420263473536372
579,-0.7963116321672333,-0.10950711594456082,-0.09418125188820582
580,0.0,0.0,0.0
581,-0.359220114456297,-0.26076370434235985,-0.04668284786800975
582,-0.11341726739126474,-0.8151901933127838,-0.07139253929595137
583,0.054682143480380765,0.8984326650678437,0.04688519145177553
584,0.0,0.0,0.0
585,-0.07381328200003762,-0.8528792111655767,-0.0733075068343856
586,0.04223509151445907,0.874445381763381,0.03984126585259464
587,0.08181932522582522,0.8330230103754244,0.08515766439875048
588,0.04114514306863446,0.6841237844834848,0.03943695480082188
589,0.0392503723549748,0.9210584718259663,0.03969115581905885
590,0.08452621755759981,0.7021321334528171,0.21334164898958302
591,0.0,0.0,0.0
592,0.0,0.0,0.0
593,0.0,0.0,0.0
594,0.011914885914259979,0.1311500063649087,0.010781261566985119
595,0.02526667896548402,0.4526486337483844,0.022084687286131586
596,0.04625222667887872,0.9107649002059127,0.04298287311520859
597,-0.31288111257039414,-0.12225301023037158,-0.06486587719923427
598,0.5797231903676846,0.04278339682826988,0.3774934128040454
599,0.8505766482679409,0.10871096656469809,0.04071238516736108
600,0.6852336458962646,0.28833027374873804,0.02643608035499736
601,0.7304281610381219,0.24510798542104023,0.024463853540837827
602,0.9333335983251604,0.034667712762813045,0.03199868891202663
603,0.9382184761966901,0.0316746107356926,0.030106913067617425
604,0.8715280155452695,0.0711753964325121,0.0572965880222183
605,0.9364684816542406,0.0379277288925431,0.02560378945321624
606,0.7701597491356085,0.02531518201486595,0.20452506884952554
607,0.7132930967631831,0.025821410005033376,0.26088549323178345
608,0.7193639684575935,0.025834994203041597,0.25480103733936493
609,0.6304286916153559,0.19235841685802096,0.17721289152662317
610,0.6425689649093319,0.03075332431961907,0.32667771077104896
611,0.9308341916469078,0.03777654668303563,0.0313892616700564
612,0.7584396834495296,0.21958579344606766,0.021974523104402715
613,0.9302711074655242,0.035363084900064734,0.034365807634411084
614,0.5660617215396353,0.01860296641041111,0.015335312049953602
615,0.04759629045056679,0.23903068753116255,0.013373022018270644
616,-0.31630647355034347,-0.6198299586083259,-0.0638635678413306
617,0.0,0.0,0.0
618,0.0,0.0,0.0
619,0.004597680377586604,0.10903662456607195,0.0040127538798708385
620,-0.03789563153678739,-0.9242428006359075,-0.03786156782730521
621,-0.5042809134204312,-0.45703389700601915,-0.03868518957354953
622,-0.128525580276115,-0.8294023157825304,-0.042072103941354536
623,-0.06994728039021872,-0.8668259553380281,-0.06322676427175325
624,-0.045669973562530754,-0.9114489105922362,-0.04288111584523301
625,-0.621758558569554,-0.33990634782623175,-0.038335093604214214
626,-0.05489585083415895,-0.8910283409937146,-0.05407580817212632
627,-0.04847975060893824,-0.9087705508262349,-0.042749698564826834
628,-0.04488160112084785,-0.04937530362353937,-0.9057430952556127
629,-0.0661050233444644,-0.8682276622785944,-0.06566731437694125
630,-0.04873244429476866,-0.9075599446864545,-0.04370761101877673
631,-0.5254944406551423,-0.43619770626069343,-0.03830785308416436
632,0.0,0.0,0.0
633,-0.24746324649416013,-0.07103700196349128,-0.014833084875681912
634,-0.06320135682670018,-0.3012602042085948,-0.03553843896470501
635,0.0,0.0,0.0
636,0.0,0.0,0.0
637,0.0,0.0,0.0
638,0.0,0.0,0.0
639,0.0,0.0,0.0
640,0.0,0.0,0.0
641,0.0,0.0,0.0
642,0.0,0.0,0.0
643,0.0,0.0,0.0
644,0.0,0.0,0.0
645,0.7198164787101656,0.24668642299701848,0.03349709829281591
646,0.018612190346286417,0.4488524526467538,0.015293977696615071
647,0.006957275763787831,0.07719805749913927,0.006753757646163779
648,0.007560685463327524,0.11010897743488549,0.007330337101786985
649,-0.3943959186907809,-0.3875870702282524,-0.041546422845672545
650,-0.02851949734322901,-0.4472974883342594,-0.024183014322511576
651,-0.05008691501174889,-0.8959698822114385,-0.053943202776812554
652,-0.03366852613111961,-0.33792281041384015,-0.028408663455040284
653,-0.03149161533183966,-0.3297777465354521,-0.03873063813270826
654,0.0,0.0,0.0
655,0.0,0.0,0.0
656,0.01730205128376953,0.4882191895643473,0.016217889586665722
657,0.13788953272023213,0.5745215463733006,0.02832966164720812
658,-0.011522417208280468,-0.14170617604803806,-0.01343807341034805
659,0.0,0.0,0.0
660,-0.3651067402072282,-0.5944664295928446,-0.040426830199927134
661,-0.07287371483351072,-0.8561703403308532,-0.07095594483563612
662,-0.7371547852035961,-0.13535271297849438,-0.12749250181790953
663,-0.36363382690482937,-0.5816367263294625,-0.0547294467657083
664,-0.04077911973530101,-0.923046278998266,-0.03617460126643298
665,0.043518093712080465,0.8248540295878478,0.040718785790980976
666,0.049710514070070266,0.9008580189074049,0.04943146702252483
667,0.0,0.0,0.0
668,-0.386496322397991,-0.5473402815818341,-0.06616339602017493
669,0.0,0.0,0.0
670,0.0,0.0,0.0
671,0.0,0.0,0.0
672,0.02901448804173102,0.4432686844536016,0.02771682750466736
673,0.05152224861303716,0.33392276095601986,0.614554990430943
674,-0.1086738021210801,-0.18894663404750056,-0.7023795638314193
675,0.03227863979168051,0.7913581226910713,0.03350609466010541
676,0.0,0.0,0.0
677,0.369767313868686,0.05849954246328903,0.571733143668025
678,0.0,0.0,0.0
679,0.2545842277254278,0.4707552416219062,0.27466053065266594
680,0.5363708886755525,0.3216643776055214,0.05105564280983527
681,0.6502827261415514,0.20652317088819092,0.04319410297025782
682,-0.7605147565373436,-0.12672626512091423,-0.11275897834174224
683,-0.25397398393733045,-0.6624366259584293,-0.08358939010424021
684,0.06499424413142907,0.32870391430621815,0.3263018415623527
685,0.0,0.0,0.0
686,0.0,0.0,0.0
687,0.0,0.0,0.0
688,0.0,0.0,0.0
689,0.07380984636022563,0.028411112476343908,0.3068699502543396
690,0.0327430727118055,0.3400892921860078,0.3605009684355199
691,0.03362383159755172,0.1459498654977905,0.3204263029046578
692,0.023469553197871373,0.029420862861561602,0.4137762506072337
693,0.018973483789219696,0.1780171848724803,0.13634266467163333
694,0.022641265181713395,0.2364832962296065,0.24087543858868007
695,0.030444728130229914,0.6845977194306905,0.2373385048200319
696,-0.020139745982165946,-0.2603299609445762,-0.01953029307325783
697,-0.018068765789523804,-0.46410828690980827,-0.017822947300667996
698,0.038969879846801045,0.819775165524875,0.03599179673358719
699,0.006100610123290128,0.09910202881206867,0.0059084721757523
700,0.016849506114225702,0.30144169709874835,0.015042130120359314
701,0.0,0.0,0.0
702,0.0,0.0,0.0
703,0.049033136826744164,0.7205629139840669,0.04858576737100716
704,0.030938250890319624,0.6817529860791164,0.144451620173421
705,-0.005752475783201644,-0.09944343566200235,-0.005915199665907102
706,0.0,0.0,0.0
707,0.04844749953974375,0.7960457162037153,0.04439567314542976
708,-0.052526336417753054,-0.8955460234427696,-0.0519276401394774
709,0.0,0.0,0.0
710,0.05040710689305854,0.8968807698943311,0.052712123212610436
711,0.07628820901253351,0.8484457938397799,0.07526599714768661
712,0.011299528782863324,0.19969001853563348,0.011232674903725388
713,0.578578446622221,0.07523952282279207,0.04618203055498684
714,0.033375939426171466,0.7456585228781144,0.03346553769571414
715,-0.04478231205087756,-0.6152793683408159,-0.04582067254948304
716,-0.07296253729540664,-0.005949312352816225,-0.00442148368511043
717,0.03787495478474993,0.8087056838219113,0.03577230256980952
718,0.023007319342899183,0.5783167385583252,0.02367594209877555
